[
  {
    "Agencia": "Amazonas / Bagua / Bagua / Bagua Chica",
    "Direccion": "Av. Heroes Del Cenepa 1786 - Bagua - Bagua - Amazonas, Referencia: Cerca Al Parque JerusaléN"
  },
  {
    "Agencia": "Amazonas / Bongara / Bongara / Pedro Ruiz Gallo",
    "Direccion": "C.P. Pedro Ruiz Gallo Mz 5 Lote 32-Amazonas-Bongara-Jazan, Referencia: Al Frente De La Tapiceria CháVez"
  },
  {
    "Agencia": "Amazonas / Chachapoyas / Chachapoyas / Chachapoyas",
    "Direccion": "Av. San Juan De La Frontera N 103 Barrio Luya Urco Chachapoyas Chachapoyas Amazonas, Referencia: Cruce Con Avenida Aeropuerto"
  },
  {
    "Agencia": "Amazonas / Utcubamba / Utcubamba / Bagua Grande",
    "Direccion": "Ca. Francisco Pizarro 460 - Sector Visalot Mz V22 Lote 12 - Bagua Grande, Referencia: A Media Cuadra De La Botica \"Salud Y Vida\""
  },
  {
    "Agencia": "Ancash / Casma / Casma / Casma",
    "Direccion": "H.U. Programa De Vivienda Zona Este Ii Barrio 4 Mz. G3 Lt.1 - Ancash-Casma-Casma, Referencia: Cruce Miguel Grau Con TúPac Amaru"
  },
  {
    "Agencia": "Ancash / Huaraz / Huaraz / Huaraz",
    "Direccion": "Urb. Pedregal Medio Mz 2 Sub Lote 5-A-1 Huaraz - Huaraz - Ancash, Referencia: A La Espalda Del Colegio La Soledad"
  },
  {
    "Agencia": "Ancash / Huarmey / Huarmey / Huarmey",
    "Direccion": "Aa.Hh. Santiago Antunez De Mayolo Mz. G Lt 25 Huarmey Huarmey Ancash, Referencia: Frente Al Hostal La Posada De Huarmey"
  },
  {
    "Agencia": "Ancash / Santa / Santa / Chimbote",
    "Direccion": "Av. Victor Raul Haya De La Torre Mz. L Lt. 19 Pueblo Joven Miraflores Alto-Chimbote- Santa- Ancash, Referencia: Frente A La PolicíA De TráNsito"
  },
  {
    "Agencia": "Apurimac / Abancay / Abancay / Abancay",
    "Direccion": "Av. Panamerica, Sector De ñAcchero Lote 10 Km 2 ½ - Abancay - Abancay - Apurimac, Referencia: 200m Pasando El Terminal Wari Palomino, Antes Del Cruce Con Evitamiento"
  },
  {
    "Agencia": "Apurimac / Abancay / Abancay / Curahuasi",
    "Direccion": "Urb Casco Urbano Av Panamericana S/N-Apurimac -Abancay -Curahuasi, Referencia: Al Frente Del Grifo Petro Perú"
  },
  {
    "Agencia": "Apurimac / Andahuaylas / Andahuaylas / Andahuaylas",
    "Direccion": "Av. Los Cedros S/N Pochccota -Andahuaylas-Andahuaylas -Apurimac, Referencia: Frente De La Feria Dominical"
  },
  {
    "Agencia": "Apurimac / Aymaraes / Aymaraes / Chalhuanca",
    "Direccion": "Urb. Urubamba Pairaca Av. Panamericana Mz E Lote 26 - Chalhuanca - Aymaraes - Apurimac, Referencia: Al Frente Del Colegio MaríA Auxiliadora"
  },
  {
    "Agencia": "Apurimac / Cotabambas / Cotabambas / Challhuahuacho",
    "Direccion": "Apv. San Marcos De Seoane Corrales Lt.1, 11 Y 12 Av. 28 De Julio Y 25 De Abril Mz. H - Chalhuahuacho Cotabambas ApuríMac, Referencia: Al Costado Del Hospital, Puerta Principal De Emergencia"
  },
  {
    "Agencia": "Arequipa / Arequipa / Arequipa / Cerro Juli",
    "Direccion": "Fundo El Pepito Sn Urb. Bellavista - Jacobo Hunter- Arequipa - Arequipa, Referencia: A Espaldas De La Fia (Feria Internacional De Arequipa)"
  },
  {
    "Agencia": "Arequipa / Arequipa / Arequipa / Cono Norte",
    "Direccion": "Car. Carretera A Yura Km 9 Lote 9 Arequipa Arequipa Cerro Colorado, Referencia: Al Frente Del Centro Comercial Plaza Arequipa Norte"
  },
  {
    "Agencia": "Arequipa / Arequipa / Arequipa / Garci Carbajal",
    "Direccion": "Cal. Garci Carbajal Nro. 511 Urb. Iv Centenario - Arequipa - Arequipa - Arequipa, Referencia: A Una Cuadra MáS Arriba Del Estadio Melgar"
  },
  {
    "Agencia": "Arequipa / Arequipa / Arequipa / La Joya",
    "Direccion": "A.H. El Triunfo Sector 1 , Manzana “D” Sub Lote 3 Sector 1 Zona “C” Arequipa - Arequipa - La Joya, Referencia: Al Media Cuadra De La Comisaria El Triunfo"
  },
  {
    "Agencia": "Arequipa / Camana / Camana / Camana",
    "Direccion": "Cal.Garci Carbajal Nro. 116 Camaná - Camaná Arequipa, Referencia: Frente Al Gran Hostal Premier"
  },
  {
    "Agencia": "Arequipa / Caraveli / Caraveli / Atico",
    "Direccion": "Av. Arequipa S/N Mz 123 Lote 2 La Florida - Atico - Caraveli - Arequipa, Referencia: Frente A La Comisaria De Atico"
  },
  {
    "Agencia": "Arequipa / Caraveli / Caraveli / Chala",
    "Direccion": "Av. Emancipacion Mza. 85 Lote 1 A.H. Manuel Prado - Chala - Caraveli - Arequipa, Referencia: A Media Cuadra De Minera Titan"
  },
  {
    "Agencia": "Arequipa / Caraveli / Caraveli / Yauca",
    "Direccion": "Carretera Panamericana Sur 572 Los Olivos Yauca Caraveli Arequipa, Referencia: Al Costado De La Empresa De Transportes Hnos Ponce"
  },
  {
    "Agencia": "Arequipa / Caylloma / Caylloma / Pedregal",
    "Direccion": "U.C. Parcela N 180-12, SeccióN A - Pedregal - Caylloma - Arequipa, Referencia: Antes De Llegar A La Balanza De La Colina"
  },
  {
    "Agencia": "Arequipa / Islay / Islay / Mollendo",
    "Direccion": "Centro Poblado Mollendo Mz A1 Lote 27-Arequipa -Islay -Mollendo, Referencia: A Un Costado Del Estadio Juan Carlos Oblitas"
  },
  {
    "Agencia": "Ayacucho / Huamanga / Huamanga / Ayacucho",
    "Direccion": "Asociacion Asentamiento Humano Complejo Artesanal De Ayacucho Mz. T Lote 04 - Distrito Ayacucho - Provincia Huamanga, Referencia: A Media Cuadra Pasando El Terminal Terrestre"
  },
  {
    "Agencia": "Ayacucho / Huanta / Huanta / Huanta",
    "Direccion": "Jr. CháVez Gavilan 609 - Huanta Huanta - Ayacucho, Referencia: A Espaldas Del Penal De Huanta"
  },
  {
    "Agencia": "Ayacucho / Lucanas / Lucanas / Puquio",
    "Direccion": "JiróN Tupac Amaru Lote 1 Mz 57 Sector La Florida, Centro Poblado Puquio Barrio Ccollana -Puquio-Lucanas-Ayacucho, Referencia: Frente Al Hotel Los Andes."
  },
  {
    "Agencia": "Cajamarca / Cajabamba / Cajabamba / Cajabamba",
    "Direccion": "Jr. Silva Sn - Cajamarca - Cajabamba - Cajabamba, Referencia: Frente Al Paradero Algamarca / Espaldas Del Colegio José GáLvez EgúSquiza"
  },
  {
    "Agencia": "Cajamarca / Cajamarca / Cajamarca / Cajamarca",
    "Direccion": "Jr. Ricardo Palma 129 Cajamarca - Cajamarca Cajamarca, Referencia: Altura 2 De La Av. Independencia Salida A La Costa"
  },
  {
    "Agencia": "Cajamarca / Cajamarca / Cajamarca / Cajamarca Ii",
    "Direccion": "Av. Heroes Del Cenepa 1960-Cajamarca-Cajamarca-Cajamarca, Referencia: Frente Al Hotel Jem Caribe"
  },
  {
    "Agencia": "Cajamarca / Celendin / Celendin / Celendin",
    "Direccion": "C.P. Celendin Jr. Tupac Amaru 114 - CelendíN – CelendíN - Cajamarca, Referencia: Frente A La Iglesia Pentecostal Dios Es Amor"
  },
  {
    "Agencia": "Cajamarca / Chota / Chota / Chota",
    "Direccion": "Jr. Ponciano Vigil N105 Chota Cajamarca, Referencia: A Media Cuadra Del Terminal áNgel Divino"
  },
  {
    "Agencia": "Cajamarca / Cutervo / Cutervo / Cutervo",
    "Direccion": "Av. SalomóN Vilchez Murga S/N - Cajamarca- Cutervo-Cutervo, Referencia: Al Costado De La FerreteríA Olivera, A Dos Cuadras Del Grifo Pecsa"
  },
  {
    "Agencia": "Cajamarca / Hualgayoc / Hualgayoc / Bambamarca",
    "Direccion": "Av. Tupac Amaru 859-Cajamarca-Hualgayoc-Bambamarca, Referencia: A Media Cuadra Del Grifo El Triunfo"
  },
  {
    "Agencia": "Cajamarca / Jaen / Jaen / Jaen",
    "Direccion": "Calle ProlongacióN Orellana Nro. 420-424 Morro Solar-Alto - Jaen - Jaen - Cajamarca, Referencia: Al Costado De La Losa San Luis"
  },
  {
    "Agencia": "Cajamarca / San Ignacio / San Ignacio / San Ignacio",
    "Direccion": "Av. Mariano Melgar S/N, Referencia: Por El Paradero San Ignacio"
  },
  {
    "Agencia": "Cajamarca / San Marcos / San Marcos / San Marcos",
    "Direccion": "C.P. San Marcos Mz.32 Lote 34 - Pedro Galvez - San Marcos - Cajamarca, Referencia: A Un Costado Del Cem - Centro Emergencia Mujer"
  },
  {
    "Agencia": "Cusco / Anta / Anta / Anta",
    "Direccion": "Sec. Ttancarpampa Lote 1 -Cusco - Anta - Anta, Referencia: Frente Al Paradero Del Carmen"
  },
  {
    "Agencia": "Cusco / Calca / Calca / Calca",
    "Direccion": "Av. Vilcanota 706 Calca - Calca - Cusco, Referencia: Esquina Con Av. Almte. Miguel Grau 7 A Espaldas De Serpost"
  },
  {
    "Agencia": "Cusco / Canchis / Canchis / Sicuani",
    "Direccion": "Carretera Panamericana Nro. S/N Sicuani - Canchis -Cusco, Referencia: Por El Grifo Eduardo Entre El óValo"
  },
  {
    "Agencia": "Cusco / Chumbivilcas / Chumbivilcas / Santo Tomas",
    "Direccion": "Barrio Miraflores,Calle Santa BáRbara S/N - Santo TomáS -Cusco, Referencia: A Un Costado Del Grifo Lazo De Oro"
  },
  {
    "Agencia": "Cusco / Chumbivilcas / Chumbivilcas / Velille",
    "Direccion": "Urb. Buenos Aires De Patacsillo Mz F Lote 6 - Cusco – Chumbivilcas – Velille, Referencia: Frente A La Posta De Salud"
  },
  {
    "Agencia": "Cusco / Cusco / Cusco / Cusco",
    "Direccion": "Urb.Surihuaylla Mza. A Lote C1, San Sebastian - Cusco - Cusco, Referencia: A Una Cuadra De La Puerta Principal Del Aeropuerto Velasco Astete - Paradero Hilario"
  },
  {
    "Agencia": "Cusco / Cusco / Cusco / Cusco Ii",
    "Direccion": "Av San Martin 499 Mz B-Cusco -Cusco -Santiago, Referencia: A La Altura Del C.C. Confraternidad / Frente A La EstacióN Del Tren"
  },
  {
    "Agencia": "Cusco / Espinar / Espinar / Espinar",
    "Direccion": "Apv. Tupac Amaru Lote Terreno Urbano Mz B1 Lote 4 - Espinar - Espinar - Cusco, Referencia: A 4 Cuadras Del Hospital De Espinar"
  },
  {
    "Agencia": "Cusco / La Convencion / La Convencion / Quillabamba",
    "Direccion": "General Gamarra S/N Santa Ana - La Convencion-Cusco, Referencia: Al Costado De La Iglesia De Los Mormones"
  },
  {
    "Agencia": "Cusco / Urubamba / Urubamba / Chinchero",
    "Direccion": "C.P. Chinchero Av. Mateo Pumaccahua Mz K4 Lt 7- Cusco-Urubamba-Chinchero, Referencia: A Media Cuadra De La Plaza De Armas De Chinchero"
  },
  {
    "Agencia": "Cusco / Urubamba / Urubamba / Urubamba",
    "Direccion": "Av. La Convencion 384-Cusco-Urubamba-Urubamba, Referencia: A 100 Metros Plazoleta De Pumacahua"
  },
  {
    "Agencia": "Huancavelica / Huancavelica / Huancavelica / Huancavelica",
    "Direccion": "Av. Manchego MuñOz Nro. 1055 Barrio Santa Ana Huancavelica - Huancavelica-Huancavelica, Referencia: Antes De Llegar Al Cruce Del Tren"
  },
  {
    "Agencia": "Huanuco / Huanuco / Huanuco / Huanuco",
    "Direccion": "Jr Seichi Izumi 607-609 Huanuco - Huanuco, Referencia: Al Costado De Supermercados Tottus"
  },
  {
    "Agencia": "Huanuco / Leoncio Prado / Leoncio Prado / Tingo Maria",
    "Direccion": "Av Ucayali 1039 Rupa Rupa Leoncio Prado Huanuco, Referencia: A Una Cuadra Del Colegio Amazonas"
  },
  {
    "Agencia": "Ica / Chincha / Chincha / Chincha",
    "Direccion": "Nro. 303 Urb. Carretera Panamericana Sur Km 196 - Chincha Alta - Chincha - Ica, Referencia: A Una Cuadra De Tottus Con DireccióN A La Panamericana Sur"
  },
  {
    "Agencia": "Ica / Ica / Ica / Ica",
    "Direccion": "C.P San Joaquin Viejo Mz B Lote 38-A Ica Ica Ica, Referencia: A Una Cuadra Del óValo Del Estadio"
  },
  {
    "Agencia": "Ica / Nazca / Nazca / Marcona",
    "Direccion": "Aa.Hh San Juan Bautista Mz O Lt 1 Marcona - Nazca Ica, Referencia: A La Espalda Del Local Comunal San Juan Bautista"
  },
  {
    "Agencia": "Ica / Nazca / Nazca / Nazca",
    "Direccion": "Av. Circunvalacion S/N Urb. San Mauricio Nazca - Ica, Referencia: A Media Cuadra Del Coliseo De Gallos Virgen De Guadalupe O Al Costado De La Bodega Orveti"
  },
  {
    "Agencia": "Ica / Pisco / Pisco / Pisco",
    "Direccion": "Av. Las AméRicas 1915 Ica-Pisco-Pisco, Referencia: A Media Cuadra De Essalud"
  },
  {
    "Agencia": "Junin / Chanchamayo / Chanchamayo / La Merced",
    "Direccion": "Av Carlos Pechera 652 Urb Cercado Chanchamayo Chanchanayo Junin, Referencia: Frente A Mototiendas Honda De La Merced"
  },
  {
    "Agencia": "Junin / Chanchamayo / Chanchamayo / Pichanaqui",
    "Direccion": "A.H. Iv Sector Bajo Pichanaqui Jr. 9 De Diciembre Mz J Lote 1 -Junin- Chanchamayo -Pichanaqui, Referencia: Una Cuadra Antes Del Colegio Manual Gonzales Prada"
  },
  {
    "Agencia": "Junin / Huancayo / Huancayo / Huancayo",
    "Direccion": "Avenida Leoncio Prado 814 – Chilca – Huancayo – Junin, Referencia: Al Frente Del Local De Recepciones Chaleco Huanca"
  },
  {
    "Agencia": "Junin / Jauja / Jauja / Jauja",
    "Direccion": "Jr.25 De Abril Esq. Av Bruno Terrenos -Junin-Jauja-Jauja, Referencia: Al Frente De Electrocentro"
  },
  {
    "Agencia": "Junin / Satipo / Satipo / Satipo",
    "Direccion": "Jr. Agricultura N439 Junin-Satipo-Satipo, Referencia: A Espaldas Del Colegio Pamer"
  },
  {
    "Agencia": "Junin / Tarma / Tarma / Tarma",
    "Direccion": "Jr. HuáNuco 1116, Tarma - Tarma - Junin, Referencia: Al Costado De Expreso El Ruso / A Una Cuadra De óValo HéRoes De Tarma"
  },
  {
    "Agencia": "Junin / Yauli / Yauli / La Oroya",
    "Direccion": "Av. Miguel Grau Nro. 1081 Int 1083 Sec Santa Rosa De Sacco - Yauli Junin, Referencia: Al Lado De La Financiera Confianza"
  },
  {
    "Agencia": "La Libertad / Chepen / Chepen / Chepen",
    "Direccion": "Mz E Lote 9 Aahh Genaro Silva Chepen Chepen La Libertad, Referencia: A Tres Cuadras Del Cementerio De ChepéN"
  },
  {
    "Agencia": "La Libertad / Otuzco / Otuzco / Otuzco",
    "Direccion": "Av. Trujillo 155 -La Libertad -Otuzco-Otuzco, Referencia: A Media Cuadra Del Banco De La NacióN / A Un Costado Del Grifo Petronorte"
  },
  {
    "Agencia": "La Libertad / Pacasmayo / Pacasmayo / Ciudad De Dios",
    "Direccion": "Av Cajamarca Mza G Lt 2 Centro Poblado Pakatnamu ,Guadalupe - Pacasmayo - La Libertad, Referencia: Frente Al Grifo Primax"
  },
  {
    "Agencia": "La Libertad / Pacasmayo / Pacasmayo / Guadalupe",
    "Direccion": "Av. Nilla Cerruti Num 290 -Guadalupe-Pacasmayo-La Libertad, Referencia: Al Costado De Emtrafesa O Al Frente Al Grifo Repsol"
  },
  {
    "Agencia": "La Libertad / Sanchez Carrion / Sanchez Carrion / Huamachuco",
    "Direccion": "Jr Simon Bolivar 1518 - La Libertad- Sanchez Carrion - Huamachuco, Referencia: Jiron Simon Bolivar Con Via De Evitamiento"
  },
  {
    "Agencia": "La Libertad / Trujillo / Trujillo / Trujillo",
    "Direccion": "Jr. Atahualpa Nro. 590 Urb. Santa Maria (Atahualpa 590-592) Trujillo - Trujillo - La Libertad, Referencia: A Una Cuadra De La Av. Los Incas O Al Costado Del Colegio Salazar Bondy"
  },
  {
    "Agencia": "La Libertad / Viru / Viru / Chao",
    "Direccion": "Av. VíCtor RaúL Haya De La Torre 780 - Chao - La Libertad, Referencia: Frente A La ComisaríA De Chao"
  },
  {
    "Agencia": "Lambayeque / Chiclayo / Chiclayo / Chiclayo",
    "Direccion": "Calle Tacna Nro. 999 Esq.Con Sarmiento Chiclayo - Chiclayo - Lambayeque, Referencia: A Espaldas De Makro"
  },
  {
    "Agencia": "Lambayeque / Chiclayo / Chiclayo / Chiclayo Almacen",
    "Direccion": "Av. Paul Harris Nro. 2003 La Victoria - Chiclayo - Lambayeque, Referencia: A Espaldas De Makro"
  },
  {
    "Agencia": "Lambayeque / Lambayeque / Lambayeque / Lambayeque",
    "Direccion": "Calle La Tina Mz A Lote 01 La Dunas Lambayeque - Lambayeque - Lambayeque, Referencia: Al Costado Del Hotel La Posada NorteñA Frente Al AlmacéN IndoaméRica"
  },
  {
    "Agencia": "Lambayeque / Lambayeque / Lambayeque / Olmos",
    "Direccion": "Panamericana Antigua Km 874 De Ciudad De Olmos - Lambayeque, Referencia: Entrada Al Arco De Olmos"
  },
  {
    "Agencia": "Lima / Barranca / Barranca / Barranca",
    "Direccion": "Jr. Lima Nro. 217 Barranca - Barranca - Lima, Referencia: A Media Cuadra Del DepóSito Municipal De Barranca"
  },
  {
    "Agencia": "Lima / CañEte / CañEte / CañEte",
    "Direccion": "Urb. Tercer Mundo Mz. \"A -1\" Lt. 13 - San Vicente De CañEte - CañEte - Lima, Referencia: Cerca A La FerreteríA SofíA Cruce Con Av. Libertadores"
  },
  {
    "Agencia": "Lima / Huaral / Huaral / Huaral",
    "Direccion": "Sub Lote B - Av. Jorge Chavez 673 Huaral Huaral Lima, Referencia: A Dos Cuadras De La Notaria Narvaez O Al Frente De La Vidrieria Ronald"
  },
  {
    "Agencia": "Lima / Huaura / Huaura / Huacho",
    "Direccion": "Av. Centenario S/N, Urb. Valdivia , Santa Maria –Huaura – Lima, Referencia: Frente Al Restaurante “El Cevicheff”"
  },
  {
    "Agencia": "Lima / Lima / Lima / Ate",
    "Direccion": "Urb. Asociacion Pro Vivienda Villa Vitarte Mz G Lote 2, Referencia: Frente Al Terminal Terrestre De Ate Vitarte"
  },
  {
    "Agencia": "Lima / Lima / Lima / Ate Ii",
    "Direccion": "Av.Nicolas Ayllon N.º 3050 Centro Comercial Jessie Ref: Al Frente De Mall De Santa Anita, Referencia: Frente Al Mall De Santa Anita / Al Costado Del Complejo Santa Rosa"
  },
  {
    "Agencia": "Lima / Lima / Lima / BreñA",
    "Direccion": "Urb.Azcona Av. Arica 1543, Referencia: Frente Al Grifo Progreso / Antes De Llegar Al Puente Tingo MaríA"
  },
  {
    "Agencia": "Lima / Lima / Lima / Carabayllo",
    "Direccion": "Av. TúPac Amaru 324 - Carabayllo - Lima - Lima, Referencia: Al Costado Del Mercado Establo"
  },
  {
    "Agencia": "Lima / Lima / Lima / Carabayllo Ii",
    "Direccion": "Av. Trapiche Mz. F Lt. 74 Urb. Tungasuca, Carabayllo - Lima - Lima, Referencia: Frente Del Paradero Peycar O En La Misma Recta De Anypsa"
  },
  {
    "Agencia": "Lima / Lima / Lima / Chorrillos",
    "Direccion": "Urb. Parcelacion Semirustica S.J. Bautista De Villa 1ra.Etapa Av. Camino Del Inca Mz N Lote 35, Chorrillos - Lima - Lima, Referencia: Frente Al Penitenciario De Mujeres Virgen De Fatima"
  },
  {
    "Agencia": "Lima / Lima / Lima / Chorrillos Ii",
    "Direccion": "Av. Santa Anita N° 312 -Lima -Lima-Chorrillos, Referencia: Frente A La Calle Santa MóNica"
  },
  {
    "Agencia": "Lima / Lima / Lima / Comas",
    "Direccion": "Av. José De La Torre Ugarte Nro. 415 Urb. El Retablo 2da Etapa, Referencia: Frente A La Cevicheria \"El Huarique Del Pez\""
  },
  {
    "Agencia": "Lima / Lima / Lima / Corporativos",
    "Direccion": "Av. Sebastian Lorente 453 Lima - Lima - Lima, Referencia: A Media Cuadra Antes De La Iglesia Santo Cristo"
  },
  {
    "Agencia": "Lima / Lima / Lima / El Agustino",
    "Direccion": "Av. Primero De Mayo 3013, Cooperativa Huancayo - Lima - Lima -El Agustino, Referencia: Frente Al Grifo Repsol"
  },
  {
    "Agencia": "Lima / Lima / Lima / Fiori",
    "Direccion": "Av. Miguel Angel N 129 Urb Fiori San Martin De Porres Lima Lima, Referencia: A Una Cuadra De La Av. TúPac Amaru / A Espaldas De La Av. TomáS Valle"
  },
  {
    "Agencia": "Lima / Lima / Lima / Gamarra",
    "Direccion": "Jr. Humboldt 980 - La Victoria - Lima - Lima, Referencia: Esq. Con Jr. Manuel Cisneros 433 - 463"
  },
  {
    "Agencia": "Lima / Lima / Lima / Huaycan",
    "Direccion": "Av. El Manantial De Pariachi Con Av. Jose Carlos Mariategui 112 Ate-Huaycan - Lima - Lima - Ref. 1 Cuadra De La Entrada De Huaycan, Referencia: A Una Cuadra De La Entrada De HuaycáN, Ex Paradero Elektra / Al Costado De Supermercados Mina"
  },
  {
    "Agencia": "Lima / Lima / Lima / Independencia",
    "Direccion": "Av Tupac Amaru Mz N Lote 18 - Lima-Lima-Independencia, Referencia: A Una Cuadra Del Paradero El Naranjal"
  },
  {
    "Agencia": "Lima / Lima / Lima / La Molina",
    "Direccion": "Nro 1019 Otr. Centro Comercial La Rotonda Ii 1er Piso Tienda 1019 Lima Lima La Molina, Referencia: Dentro De La GaleríA Comercial La Rotonda Ii"
  },
  {
    "Agencia": "Lima / Lima / Lima / Las Malvinas",
    "Direccion": "Av Colonial 868 -Lima -Lima-Lima, Referencia: Frente A Maestro Entre La Av. BeltráN Y Tingo MaríA"
  },
  {
    "Agencia": "Lima / Lima / Lima / Lima Almacen",
    "Direccion": "Jr. Sebastian Lorente N 596 Barrios Altos - Lima - Lima, Referencia: Al Costado Del Grifo Los Inkas"
  },
  {
    "Agencia": "Lima / Lima / Lima / Lima Centro - Norte Chico",
    "Direccion": "Jr. Humboldt 548 La Victoria, Referencia: Con La Cuadra 5 De RenovacióN"
  },
  {
    "Agencia": "Lima / Lima / Lima / Lima Cusco",
    "Direccion": "Jr. Humboldt 701-725-Urb. Huerto Mendoza La Victoria Lima - Lima, Referencia: Por Radio Patrulla"
  },
  {
    "Agencia": "Lima / Lima / Lima / Lima Juliaca",
    "Direccion": "Jr. Humboldt 460 - La Victoria-Lima, Referencia: Entre Jr. Luna Pizarro Y Jr. HuascaráN"
  },
  {
    "Agencia": "Lima / Lima / Lima / Lima Norte",
    "Direccion": "Jr. Manuel Cisneros 433 ,463 Urb Matute Con Jr Humboldt 976 -La Victoria - Lima - Lima, Referencia: Esq. Con Jr. Manuel Cisneros 433-463"
  },
  {
    "Agencia": "Lima / Lima / Lima / Lima Norte Ii",
    "Direccion": "Jr Humboldt 598 - La Victoria -Lima - Lima, Referencia: De Maxi Ahorro A Tres Cuadras Arriba"
  },
  {
    "Agencia": "Lima / Lima / Lima / Lima Oriente",
    "Direccion": "Jr Hipolito Unanue 574- Lima - La Victoria, Referencia: Cruce Con Jr. RenovacióN Cuadra 6"
  },
  {
    "Agencia": "Lima / Lima / Lima / Lima Selva Central",
    "Direccion": "Jr. Francisco Luna Pizarro 499 - La Victoria - Lima, Referencia: Jr. Luna Pizarro Con Av. Bauzate Y Meza"
  },
  {
    "Agencia": "Lima / Lima / Lima / Lima Sur",
    "Direccion": "Jr Humboldt 980 Con Jr Cangallo 600- La Victoria - Lima-Lima, Referencia: Al Frente Del Grifo Primax"
  },
  {
    "Agencia": "Lima / Lima / Lima / Lima Sur Chico",
    "Direccion": "Jr. Renovacion 530 - Lima - Lima - La Victoria, Referencia: Esquina Con Bauzate Y Meza / Grifo Primax"
  },
  {
    "Agencia": "Lima / Lima / Lima / Lima Sur Reparto",
    "Direccion": "JiróN Francisco Luna Pizarro 565 La Victoria Lima, Referencia: Entre La Av. Bausate Y Meza Y El Jr.Humboldt"
  },
  {
    "Agencia": "Lima / Lima / Lima / Lima Tacna",
    "Direccion": "Jr. Hipolito Unanue Nº 671 Esquina Con Jiron Obrero La Victoria - Lima - Lima, Referencia: A Dos Cuadras De Abtao"
  },
  {
    "Agencia": "Lima / Lima / Lima / Lince",
    "Direccion": "Av Militar 2180 -Lima -Lima-Lince, Referencia: Frente A La PolleríA La Fogata O A Espaldas Del Mercado LobatóN"
  },
  {
    "Agencia": "Lima / Lima / Lima / Los Olivos",
    "Direccion": "Av. Las Palmeras Nro. 5343 Urb. Peregrinos Del SeñOr (1er. Piso), Referencia: Al Costado Del Market Vega"
  },
  {
    "Agencia": "Lima / Lima / Lima / Los Olivos Ii",
    "Direccion": "Jiron Manuel Ascencio Segura N°221 Urb. Villa Los Angeles - Los Olivos - Lima - Lima, Referencia: Ex Boulevard De Los Olivos Frente A Centro Comercial Mega Plaza"
  },
  {
    "Agencia": "Lima / Lima / Lima / Los Olivos Iii",
    "Direccion": "Urb.Puerta De Pro I Etapa Av . Proceres De Huandoy Mza B4 Lote 20 -Lima -Lima-Los Olivos, Referencia: Frente Al Grifo Repsol"
  },
  {
    "Agencia": "Lima / Lima / Lima / Los Olivos Iv",
    "Direccion": "Av. Alfredo Mendiola Mz. U, Lte. 33, Urb. Villa Del Norte, Referencia: Al Frente Del Terminal Terrestre Lima Norte/A Media Cuadra Del Paradero Caseta - Los Olivos"
  },
  {
    "Agencia": "Lima / Lima / Lima / Lurin",
    "Direccion": "Las Salinas A-19 Antigua Panamericana Km36.5-Lima-Lima-Lurin, Referencia: Antigua Panamericana Sur (Km 36.5)"
  },
  {
    "Agencia": "Lima / Lima / Lima / Magdalena",
    "Direccion": "Urb. Orbea Jr. Junin 661-Lima-Lima-Magdalena Del Mar, Referencia: A Media Cuadra Del Cruce Con Jr. Leoncio Prado Y A Dos Cuadras Del Mercado Magdalena"
  },
  {
    "Agencia": "Lima / Lima / Lima / Manchay",
    "Direccion": "Mza C Lote 1 A.H. Paul Poblet Lind Pachacamac - Lima - Lima, Referencia: A La Altura De Mi Banco De Manchay - Carretera Cieneguilla"
  },
  {
    "Agencia": "Lima / Lima / Lima / Operador Logistico",
    "Direccion": "Av. Ctmte Aurelio Garcia Y Garcia Nro 1447 Int 202, Referencia: Entre La Av. Bausate Y Jr. Francisco Luna Pizarro"
  },
  {
    "Agencia": "Lima / Lima / Lima / Pueblo Libre",
    "Direccion": "Av. La Marina Nro. 1640 (Lote 19 Mz A) Pueblo Libre-Lima -Lima, Referencia: A Media Cuadra De La Av. Universitaria/ A Media Cuadra Del C.C. Plaza San Miguel"
  },
  {
    "Agencia": "Lima / Lima / Lima / Puente Piedra",
    "Direccion": "Av. Puente Piedra Mz. N Lt. 149 H Pj. Los Gramadales, Referencia: A Media Cudra Del Grifo Repsol Pasando La Vidrieria Santa Ana"
  },
  {
    "Agencia": "Lima / Lima / Lima / Puente Piedra Ii",
    "Direccion": "Asociacion De Propietarios Naranjito Mz B Lote C1-Lima -Lima-Puente Piedra, Referencia: A Dos Cuadras Del Puente Peatonal Rosa Luz / Antes Del Cementerio “Buen Retiro”"
  },
  {
    "Agencia": "Lima / Lima / Lima / Puente Piedra Iii",
    "Direccion": "P.J Jerusalen Av Ancon Nro.976 Mz C Lote 10 -Lima -Lima -Puente Piedra, Referencia: Paradero La Flecha / A Espaldas Del Grifo \"Petro Americana\""
  },
  {
    "Agencia": "Lima / Lima / Lima / Raymondi",
    "Direccion": "Jr. Raymondi 571 La Victoria Lima - Lima, Referencia: Frente Al C.C. El Palacio De La Moda - Paralela A Av. Grau"
  },
  {
    "Agencia": "Lima / Lima / Lima / Rimac",
    "Direccion": "Av. Amancaes 598 - Rimac – Lima - Lima, Referencia: Frente Al Chifa Paolin"
  },
  {
    "Agencia": "Lima / Lima / Lima / San Juan De Lurigancho",
    "Direccion": "Av 13 De Enero 2064 Ref: Los Postes - Lima -Lima-San Juan De Lurigancho, Referencia: A Dos Cuadras De La EstacióN Del Tren “Los Postes”, Yendo Por La Ex Av. Lima"
  },
  {
    "Agencia": "Lima / Lima / Lima / San Juan De Lurigancho Ii",
    "Direccion": "Coo. De Vivienda Mariscal Luzuriaga Ltda. 551 Mz L Lote 4 Ref: Santa Rosa - Lima -Lima-San Juan De Lurigancho, Referencia: A La Altura De La EstacióN Santa Rosa Del Tren / Cerca Al Colegio Sor Ana"
  },
  {
    "Agencia": "Lima / Lima / Lima / San Juan De Lurigancho Iii",
    "Direccion": "Jr. Saturno 381 Urb . Ganimedes Ref: Las Flores- Lima -Lima-San Juan De Lurigancho, Referencia: Altura Del Paradero 21 De Las Flores A Tres Cuadras De Plaza Vea"
  },
  {
    "Agencia": "Lima / Lima / Lima / San Juan De Lurigancho Iv",
    "Direccion": "P.J Cruz De Motupe Etapa Segunda Mz E Lote 10, Referencia: Paradero 4 De Motupe / Al Costado De Ramses Gym Extreme"
  },
  {
    "Agencia": "Lima / Lima / Lima / San Juan De Lurigancho V",
    "Direccion": "Urb. Los Jardines De San Juan Et. Dos Av. Proceres De La Independencia 1325, Referencia: A Una Cuadra Y Media Del Banco De La NacióN"
  },
  {
    "Agencia": "Lima / Lima / Lima / San Juan De Miraflores",
    "Direccion": "Av. De Los HéRoes N°. 232 A Y Jr. Las Almendras Manzana U Lote 12 - Local No. 6 - San Juan De Miraflores - Lima, Referencia: Frente Al Supermercado Metro Del Paradero El Pozo"
  },
  {
    "Agencia": "Lima / Lima / Lima / San Martin De Porres",
    "Direccion": "Av. Canta Callao Mz. D Lt. 17 Urb. Los Lirios - San Martin De Porres - Lima, Referencia: A Tres Cuadras Del óValo Canta Callao"
  },
  {
    "Agencia": "Lima / Lima / Lima / San Martin De Porres Ii",
    "Direccion": "Urb. Peru Av. Peru 1557, Referencia: A Tres Cuadras De La Av.Canada (Puente DueñAs)"
  },
  {
    "Agencia": "Lima / Lima / Lima / San Martin De Porres Iii",
    "Direccion": "Av. Los Proceres 340, Referencia: Al Costado Del Hostal Los Faroles"
  },
  {
    "Agencia": "Lima / Lima / Lima / Santa Anita",
    "Direccion": "Av. Huancaray Mz. A Lt. 3 – Santa Anita, Referencia: A Una Cuadra Del Oxxo"
  },
  {
    "Agencia": "Lima / Lima / Lima / Surquillo",
    "Direccion": "Av. Republica De Panama 5053 Surquillo - Lima - Lima, Referencia: A Lado Del Grifo Enpex"
  },
  {
    "Agencia": "Lima / Lima / Lima / Villa El Salvador",
    "Direccion": "Parcela Ii Mz. H-1 Lt. 6 (Calle Los Forjadores) Parque Industrial De Villa El Salvador - Lima Lima, Referencia: Al Costado De La Riel Del Tren - Calle Los Forjadores Con Separadora Industrial"
  },
  {
    "Agencia": "Lima / Lima / Lima / Villa El Salvador Ii",
    "Direccion": "Asc.Villa 2000 Mz A Lt 2-Lima-Lima-Villa El Salvador, Referencia: Al Costado De Essalud Uldarico Rocca FernáNdez"
  },
  {
    "Agencia": "Lima / Lima / Lima / Villa El Salvador Iii",
    "Direccion": "Urb Pachacamac 4ta Etapa Mz “A” Lote 3 Barrio 3 Sector 2 - Villa El Salvador - Lima - Lima, Referencia: A Una Cuadra Del óValo Lomas De Pastor Sevilla (Ruta C)"
  },
  {
    "Agencia": "Lima / Lima / Lima / Villa Maria",
    "Direccion": "Av. Lima 2190 - Lim A-Lima-Villa Maria Del Triunfo, Referencia: Altura Paradero 12 De Av. Lima, José Galvez"
  },
  {
    "Agencia": "Lima / Lima / Lima / Villa Maria Ii",
    "Direccion": "A.H.Mariano Melgar Av. Pachacutec 3576- Lima-Lima-Villa Maria Del Triunfo, Referencia: Frente A Real Plaza O Al Costado De Mayorsa"
  },
  {
    "Agencia": "Loreto / Alto Amazonas / Alto Amazonas / Yurimaguas",
    "Direccion": "Jr. Mariscal Caceres Nro. 301 Las Flores Yurimaguas - Alto Amazonas Loreto, Referencia: Al Costado Del Taller Municipal"
  },
  {
    "Agencia": "Loreto / Loreto / Loreto / Nauta",
    "Direccion": "Cal. Junin Mz E Lote 14 - Loreto - Loreto - Nauta, Referencia: Frente Al Hospedaje Jayko - A Espaldas Del Colegio Nuestra SeñOra De Loreto"
  },
  {
    "Agencia": "Loreto / Maynas / Maynas / Iquitos",
    "Direccion": "Calle Angel Brusco Nro. 580 Iquitos - Maynas - Loreto, Referencia: Frente Al Mercado Modelo"
  },
  {
    "Agencia": "Madre De Dios / Tambopata / Tambopata / Mazuko",
    "Direccion": "Jr. Ramon Castilla S/N Con Esquina Gregorio Barasorda S/N Inambari - Tambopata - Madre De Dios, Referencia: Una Cuadra Antes Del Municipio De Inambari"
  },
  {
    "Agencia": "Madre De Dios / Tambopata / Tambopata / Puerto Maldonado",
    "Direccion": "Jr. Piura Mza. 3d Lote. 7 Esquina .Jiron Apurimac, Tambopata - Tambopata - Madre De Dios, Referencia: A Espaldas De Electro Sur Madre De Dios"
  },
  {
    "Agencia": "Moquegua / Ilo / Ilo / Ilo",
    "Direccion": "Urb.Costa Azul Av Industrial Mz B Lote 36-Moquegua-Ilo-Ilo, Referencia: Frente De Patio Puerto, Primera Cuadra Costa Azul"
  },
  {
    "Agencia": "Moquegua / Mariscal Nieto / Mariscal Nieto / Moquegua",
    "Direccion": "Calle Los Damascos Mza. D Lt. 01 Urb. Los Olivos Moquegua - Mariscal Nieto-Moquegua, Referencia: A Una Cuadra Del Terminal Terrestre De Moquegua"
  },
  {
    "Agencia": "Pasco / Oxapampa / Oxapampa / Oxapampa",
    "Direccion": "Jr.Muller Mz 198 Lote 4 - Pasco -Oxapampa-Oxapampa, Referencia: Al Costado Del Terminal Terrestre De Oxapampa"
  },
  {
    "Agencia": "Pasco / Oxapampa / Oxapampa / Villa Rica",
    "Direccion": "Av. Leopoldo Krausse 919-Pasco-Oxapampa-Villa Rica, Referencia: A Una Cuadra Del Hipermarket Segoviana"
  },
  {
    "Agencia": "Pasco / Pasco / Pasco / Cerro De Pasco",
    "Direccion": "A.H Tupac Amaru -Sector Chaquicocha Mz D Lote 8- Pasco - Pasco -Chaupimarca, Referencia: A Espaldas De Multiservicios Saulito"
  },
  {
    "Agencia": "Piura / Ayabaca / Ayabaca / Ayabaca",
    "Direccion": "Cal.Caceres N 201 Ayabaca-Ayabaca-Piura, Referencia: A Una Cuadra De La Plaza De Armas - A Una Cuadra De La Comisaria"
  },
  {
    "Agencia": "Piura / Ayabaca / Ayabaca / Paimas",
    "Direccion": "Calle Fernando Belaunde Terry S/N, Referencia: A Una Cuadra De La Comisaria - A Dos Cuadras De La Municipalidad"
  },
  {
    "Agencia": "Piura / Morropon / Morropon / Chulucanas",
    "Direccion": "Jr. Ayacucho N°. 451 Piura- Morropon - Chulucanas, Referencia: A Una Cuadra De La Plaza De Armas De Chulucanas A Espaldas De Centro MéDico Las Mercedes"
  },
  {
    "Agencia": "Piura / Paita / Paita / Paita",
    "Direccion": "Calle Independencia Mza. C Lote. 7 Urb. Las Mercedes, Parte Alta -Paita - Paita -Piura, Referencia: Frente A La NotaríA Maldonado O A Espaldas De La PolleríA Brisas Del Mar"
  },
  {
    "Agencia": "Piura / Piura / Piura / La Union",
    "Direccion": "Calle Lima 617 Piura - La Union, Referencia: En El Ex Local De Enosa"
  },
  {
    "Agencia": "Piura / Piura / Piura / Las Lomas",
    "Direccion": "Cal. Grau 400 Las Lomas-Piura-Piura, Referencia: Esquina De La Plaza De Armas - A Cuadra Y Media De La Comisaria"
  },
  {
    "Agencia": "Piura / Piura / Piura / Piura",
    "Direccion": "Jr. Circunvalacion Nro. 948 Piura - Piura-Piura, Referencia: Entre Av. Loreto Y Av. Sullana"
  },
  {
    "Agencia": "Piura / Piura / Piura / Tambo Grande",
    "Direccion": "A.H. Jose Andres Razuri Mz C Lt 23a-Piura-Piura-Tambo Grande, Referencia: A Dos Cuadras Del Estadio Municipal Fernando AráMbulu SantíN"
  },
  {
    "Agencia": "Piura / Sullana / Sullana / Ignacio Escudero",
    "Direccion": "C.P. San Jacinto Mz.69 Lt. 6 - Ignacio Escudero, Sullana, Piura, Referencia: A Espaldas Del Restaurant Rogilú"
  },
  {
    "Agencia": "Piura / Sullana / Sullana / Sullana",
    "Direccion": "Mza. B Lote. 12 Z.I. Nro. 2 (Lote 12 - 13) Sullana-Sullana Piura, Referencia: A Espaldas De Promart"
  },
  {
    "Agencia": "Piura / Sullana / Sullana / Sullana Ii",
    "Direccion": "Urbanizacion Santa Rosa Mz 166 Lote 6 Departamento A - Sullana- Sullana - Piura, Referencia: Frente Al Colegio De Ingenieros Del Perú"
  },
  {
    "Agencia": "Piura / Talara / Talara / Los Organos",
    "Direccion": "Sec. Jose PeñA Quiroga Mz A Lote 14-Piura-Talara -Los Organos, Referencia: Frente A La I.E Augusto Salazar Bondy"
  },
  {
    "Agencia": "Piura / Talara / Talara / Mancora",
    "Direccion": "Av. Grau Nro. 460 Panamericana Norte Mancora-Talara- Piura, Referencia: Frente A La Empresa Oltursa"
  },
  {
    "Agencia": "Piura / Talara / Talara / Talara",
    "Direccion": "Av. Ignacio Merino Mz. F Lote 13 - Piura -Talara-PariñAs, Referencia: DetráS De Ittza Al Costado De Serenazgo"
  },
  {
    "Agencia": "Prov. Const. Del Callao / Prov. Const. Del Callao / Prov. Const. Del Callao / Callao",
    "Direccion": "Av. Elmer Faucett Nro. 435 Urb. Tarapaca, Callao - Prov. Const. Del Callao - Prov. Const. Del Callao, Referencia: A La Altura De La Av. Argentina Y Av. Elmert Faucett"
  },
  {
    "Agencia": "Prov. Const. Del Callao / Prov. Const. Del Callao / Prov. Const. Del Callao / Callao Ii",
    "Direccion": "A.H. Bocanegra Sector 5 Mz G62 Lote 19 - Av. Tomas Valle, Referencia: A Media Cuadra Del Hotel Holiday O Frente Al PoliclíNico Chalaco"
  },
  {
    "Agencia": "Prov. Const. Del Callao / Prov. Const. Del Callao / Prov. Const. Del Callao / Canta Callao",
    "Direccion": "Mza. A Lote. 3 Asc. De Propietarios 7 De Agosto, Referencia: Al Costado De Tottus De Bertelo Con Av. Canta Callao"
  },
  {
    "Agencia": "Prov. Const. Del Callao / Prov. Const. Del Callao / Prov. Const. Del Callao / Ventanilla",
    "Direccion": "Jr Jupiter N°107 Urb Almirante Miguel Grau, Referencia: Frente A Grifo Repsol O Frente A La Empresa Marbal"
  },
  {
    "Agencia": "Puno / Chucuito / Chucuito / Desaguadero",
    "Direccion": "Av. Cultura Nro 206 Int 1 Desaguadero - Chucuito - Puno, Referencia: Al Frente Del Colegio Tahuantinsuyo"
  },
  {
    "Agencia": "Puno / El Collao / El Collao / Ilave",
    "Direccion": "Av. Panamericana Nro. 114 Barrio Cruzani Ilave - El Collao - Puno, Referencia: Al Frente Del Terminal Terrestre"
  },
  {
    "Agencia": "Puno / Puno / Puno / Puno",
    "Direccion": "Av. Costanera Ii Mza D Lote 1 Urb. SeñOr De Huanca Puno-Puno-Puno, Referencia: Cerca Al Terminal Terrestre Con Jr. TúPac Amaru"
  },
  {
    "Agencia": "Puno / San Roman / San Roman / Juliaca",
    "Direccion": "Urb. 9 De Octubre Jr Federico More Esq. Jr Santa Rosa Y Esq Jr Coata 440, Referencia: A Dos Cuadras De La Av. CircunvalacióN"
  },
  {
    "Agencia": "Puno / San Roman / San Roman / Juliaca Ii",
    "Direccion": "JiróN San AgustíN N°635 Urb. San Santiago, Referencia: A Media Cuadra Del Terminal Terrestre De Juliaca"
  },
  {
    "Agencia": "San Martin / Mariscal Caceres / Mariscal Caceres / Juanjui",
    "Direccion": "Carretera Marginal Fernando Belaunde Terry S/N Juanjui Mariscal Caceres - San Martin, Referencia: A Dos Casas Del Ministerio De Agricultura"
  },
  {
    "Agencia": "San Martin / Moyobamba / Moyobamba / Moyobamba",
    "Direccion": "Av. Grau Nro. 690 Moyobamba - Moyobamba - San Martin, Referencia: Al Costado Del Senati O De MóVil Bus"
  },
  {
    "Agencia": "San Martin / Rioja / Rioja / Nueva Cajamarca",
    "Direccion": "Jr. Garcilazo De La Vega Mz 18 Lote 1 A-1 - Nueva Cajamarca - Rioja - San Martin, Referencia: Esquina Con Jr. Tacna, Frente A La Sunarp (Explanada Las Malvinas)"
  },
  {
    "Agencia": "San Martin / Rioja / Rioja / Rioja",
    "Direccion": "Av. Campo Ferial Mz 39 A - Lote 12, Sec. Nueva Rioja, Rioja - Rioja - San Martin, Referencia: Al Frente De La Morgue De Rioja"
  },
  {
    "Agencia": "San Martin / San Martin / San Martin / Tarapoto",
    "Direccion": "Jr. Manco Inca Nro. 688 Tarapoto - San Martin -San Martin, Referencia: A Dos Cuadras Antes De Llegar A Essalud"
  },
  {
    "Agencia": "San Martin / Tocache / Tocache / Tocache",
    "Direccion": "Jr. Jorge Chavez Nº 210 (Esq. Con Jacinta Cartagena) Tocache- Tocache- San Martin, Referencia: A Una Cuadra Del Cementerio General"
  },
  {
    "Agencia": "Tacna / Tacna / Tacna / Tacna",
    "Direccion": "Avenida Industrial N°485 – Tacna – Tacna – Tacna, Referencia: A 50 Mts Del Grifo Primax"
  },
  {
    "Agencia": "Tacna / Tacna / Tacna / Tacna Ii",
    "Direccion": "Parque Industrial / Zona Auxiliar Mz-A Lt-20a -Alto De La Alianza- Tacna, Referencia: Altura Del Grifo Centenario 2 O Grifo Repsol Mano Izquierda"
  },
  {
    "Agencia": "Tumbes / Contralmirante Villar / Contralmirante Villar / Zorritos",
    "Direccion": "Av. Republica Del Perú N 102 - Zorritos - Contralmirante Villar - Tumbes, Referencia: Frente A La ComisaríA De Zorritos"
  },
  {
    "Agencia": "Tumbes / Tumbes / Tumbes / Tumbes",
    "Direccion": "Calle 24 De Julio 800 Centro Poblado Barrio San Jose Mz F Lt01 Tumbes - Tumbes - Tumbes, Referencia: Al Costado Del Ministerio De Agricultura"
  },
  {
    "Agencia": "Tumbes / Zarumilla / Zarumilla / Aguas Verdes",
    "Direccion": "Av Tumbes Mz 18 Lote 24 Aa.Hh. Tomas Arizola Olaya Tumbes - Zarumilla - Aguas Verdes, Referencia: Al Costado De Neumacentro"
  },
  {
    "Agencia": "Ucayali / Coronel Portillo / Coronel Portillo / Pucallpa",
    "Direccion": "Jr. 2 De Mayo Nro. 263 Calleria - Coronel Portillo - Ucayali, Referencia: A Una Cuadra De La DireccióN Regional De Turismo"
  },
  {
    "Agencia": "Ucayali / Coronel Portillo / Coronel Portillo / Pucallpa Ii",
    "Direccion": "Fnd.Villa Teresita Lote B1 -Ucayali-Coronel Portillo-Yarinacocha, Referencia: A 25 M. Del Grifo Espinoza O Al Costado De Naysha Cards"
  },
  {
    "Agencia": "Ucayali / Padre Abad / Padre Abad / Aguaytia",
    "Direccion": "Cal. Carr. Federico Basadre Mz A Lote 5-Ucayali-Padre Abad -Padre Abad, Referencia: Al Costado Del Terminal De AguaytíA"
  }
]
