[
  {
    "Agencia": "Amazonas / Bagua / Bagua / Bagua Chica",
    "Direccion": "Psj. Alfonso Ugarte 171, Bagua Chica"
  },
  {
    "Agencia": "Amazonas / Bagua / Imaza / Chiriaco - Imaza",
    "Direccion": "Jirón La Delicias S/N - Chiriaco - Imaza"
  },
  {
    "Agencia": "Amazonas / Chachapoyas / Chachapoyas / Chachapoyas",
    "Direccion": "Jr. Octavio Ortiz Arrieta 270, Chachapoyas"
  },
  {
    "Agencia": "Amazonas / Condorcanqui / Nieva / Nieva",
    "Direccion": "Simón Bolívar Nro. 401, Galerias El Puerto, Stand 24, Nieva. Ref. Frente a la plaza"
  },
  {
    "Agencia": "Amazonas / Luya / Camporredondo / Camporredondo",
    "Direccion": "Av. Cahuide S/N, Camporredondo"
  },
  {
    "Agencia": "Amazonas / Luya / Ocalli / Ocalli",
    "Direccion": "Av. La Libertad S/N Barr. La Libertad, OCALLI, LUYA - AMAZONAS"
  },
  {
    "Agencia": "Amazonas / Rodríguez De Mendoza / San Nicolás / Rodriguez De Mendoza",
    "Direccion": "Jr. Toribio Rodriguez de Mendoza N° 407"
  },
  {
    "Agencia": "Amazonas / Utcubamba / Bagua Grande / Bagua Grande",
    "Direccion": "Jr. Mesones Muro 394, BAGUA GRANDE. Ref. Frente a la PNP"
  },
  {
    "Agencia": "Amazonas / Utcubamba / Cumba / Cumba",
    "Direccion": "Jr. Comercio Nro. 701, Cumba."
  },
  {
    "Agencia": "Amazonas / Utcubamba / El Milagro / El Milagro",
    "Direccion": "JR. SAN MARTIN 199 - EL MILAGRO"
  },
  {
    "Agencia": "Ancash / Aija / Aija / Aija",
    "Direccion": "JR. INDEPENDENCIA NRO. 310, AIJA - ANCASH"
  },
  {
    "Agencia": "Ancash / Antonio Raymondi / Llamellin / Llamellin",
    "Direccion": "PLAZA DE ARMAS NRO. 330, LLAMELLIN, ANTONIO RAYMONDI"
  },
  {
    "Agencia": "Ancash / Asunción / Chacas / Chacas",
    "Direccion": "JR. SAN MARTIN S/N, CHACAS"
  },
  {
    "Agencia": "Ancash / Bolognesi / Chiquian / Chiquian",
    "Direccion": "Jr. Sáenz Peña S/N Ref. frente al colegio Coronel Bolognesi"
  },
  {
    "Agencia": "Ancash / Carhuaz / Carhuaz / Carhuaz",
    "Direccion": "Carretera Central S/N - Frente Al Estadio, Carhuaz"
  },
  {
    "Agencia": "Ancash / Carlos Fermín Fitzcarrald / San Luis / San Luis - Ancash",
    "Direccion": "Av. Fitzcarrald 719 San Luis"
  },
  {
    "Agencia": "Ancash / Casma / Casma / Casma",
    "Direccion": "Av. Magdalena 240, Casma"
  },
  {
    "Agencia": "Ancash / Huaraz / Huaraz / Huaraz",
    "Direccion": "Av. Agustín Gamarra Nro. 743, Soledad Baja - Huaraz"
  },
  {
    "Agencia": "Ancash / Huari / Huari / Huari",
    "Direccion": "Jr. Manuel Álvarez -1065, Barrio San Bartolomé"
  },
  {
    "Agencia": "Ancash / Huarmey / Huarmey / Huarmey",
    "Direccion": "Av. Alberto Reyes 239, Huarmey"
  },
  {
    "Agencia": "Ancash / Huaylas / Caraz / Caraz",
    "Direccion": "Av. Ramón Castilla S/N, Cdra 8 - Caraz"
  },
  {
    "Agencia": "Ancash / Mariscal Luzuriaga / Piscobamba / Piscobamba",
    "Direccion": "JR. CAPAC YUPANQUI NRO. 105, PISCOBAMBA, MARISCAL LUZURIAGA"
  },
  {
    "Agencia": "Ancash / Pomabamba / Pomabamba / Pomabamba",
    "Direccion": "JR. HUARAZ CDRA 7, POMABAMBA"
  },
  {
    "Agencia": "Ancash / Santa / Chimbote / Chimbote",
    "Direccion": "Av. Jose Pardo 490. Ref. Al costado del Tambo"
  },
  {
    "Agencia": "Ancash / Santa / Nuevo Chimbote / Nuevo Chimbote",
    "Direccion": "AV. Pacifico Mz. S3 Lt. 36 Urb José Mariátegui, Nuevo Chimbote. Ref: Frente A La Ferretería Becor."
  },
  {
    "Agencia": "Ancash / Sihuas / Sihuas / Sihuas",
    "Direccion": "Av. 28 De Julio 330, Sihuas"
  },
  {
    "Agencia": "Ancash / Yungay / Yungay / Yungay",
    "Direccion": "Av. Arias Graziani S/N Yungay"
  },
  {
    "Agencia": "Apurimac / Abancay / Abancay / Abancay",
    "Direccion": "Jr. Elías N° 118"
  },
  {
    "Agencia": "Apurimac / Abancay / Curahuasi / Curahuasi",
    "Direccion": "Jr Apurímac S/N Curahuasi Ref. a media cuadra del banco de la nación"
  },
  {
    "Agencia": "Apurimac / Andahuaylas / Andahuaylas / Andahuaylas",
    "Direccion": "Jr. Juan Francisco Ramos 559"
  },
  {
    "Agencia": "Apurimac / Aymaraes / Chalhuanca / Chalhuanca",
    "Direccion": "Av. Panamericana # 528"
  },
  {
    "Agencia": "Apurimac / Chincheros / Chincheros / Uripa",
    "Direccion": "Av. Los Incas S/N, Uripa. Ref. Frente a la comisaría de Uripa - Anco Huallo, Chincheros."
  },
  {
    "Agencia": "Apurimac / Grau / Chuquibambilla / Chuquibambilla",
    "Direccion": "Av. Bolívar S/N"
  },
  {
    "Agencia": "Arequipa / Arequipa / Arequipa / Calle Moral",
    "Direccion": "CALLE MORAL 105, CERCADO"
  },
  {
    "Agencia": "Arequipa / Arequipa / Arequipa / Iv Centenario",
    "Direccion": "Calle Mayta Capac 601 IV Centenario, Cercado"
  },
  {
    "Agencia": "Arequipa / Arequipa / Arequipa / Parra",
    "Direccion": "Av. Parra Nro. 388, Cercado"
  },
  {
    "Agencia": "Arequipa / Arequipa / Cayma / Cayma- La Tomilla",
    "Direccion": "Av. Ramón Castilla 1021 La tomilla ( cerca a Estadio Ulises Montes R.)"
  },
  {
    "Agencia": "Arequipa / Arequipa / Cerro Colorado / Cerro Colorado",
    "Direccion": "Calle Miguel Grau 214 – Plaza De Las Americas, Cerro Colorado"
  },
  {
    "Agencia": "Arequipa / Arequipa / José Luis Bustamante Y Rivero / Guardia Civil - Av. Pizarro",
    "Direccion": "Av. Pizarro 127, Sub Lote 4, Guardia Civil"
  },
  {
    "Agencia": "Arequipa / Arequipa / José Luis Bustamante Y Rivero / Jose Luis Bustamante Y Rivero",
    "Direccion": "Av. Daniel Alcides Carrión 241 - Jose Luis Bustamante y Rivero"
  },
  {
    "Agencia": "Arequipa / Arequipa / La Joya / La Joya",
    "Direccion": "Av. Panamericana PPJJ El Triunfo ZN B MZ A Lote 12, La Joya"
  },
  {
    "Agencia": "Arequipa / Arequipa / Paucarpata / Paucarpata",
    "Direccion": "Urb. Industrial Cayro Mz A Lte 6D ( cerca a Hosp. E. Escomel)"
  },
  {
    "Agencia": "Arequipa / Arequipa / Yanahuara / Yanahuara",
    "Direccion": "Av. Pampita Zevallos 175 – Yanahuara"
  },
  {
    "Agencia": "Arequipa / Camaná / Camaná / Camaná",
    "Direccion": "Av. Mariscal Castilla N.º 156 – Cercado De Camaná"
  },
  {
    "Agencia": "Arequipa / Castilla / Aplao / Aplao",
    "Direccion": "Av. 03 de abril Mz C2 Lote 3 Aplao"
  },
  {
    "Agencia": "Arequipa / Caylloma / Majes / El Pedregal",
    "Direccion": "Av. Carlos Shuton Mz A-21 Lte. 1"
  },
  {
    "Agencia": "Arequipa / Islay / Mollendo / Mollendo",
    "Direccion": "Calle Comercio N°472 - B"
  },
  {
    "Agencia": "Ayacucho / Cangallo / Cangallo / Cangallo",
    "Direccion": "Av. Faustino Sánchez Carrión 198"
  },
  {
    "Agencia": "Ayacucho / Huamanga / Ayacucho / Ayacucho",
    "Direccion": "Jr. Cusco 204"
  },
  {
    "Agencia": "Ayacucho / Huamanga / Ayacucho / Ayacucho - Central",
    "Direccion": "Jr. Prolongación Manco Capac Nro. 940"
  },
  {
    "Agencia": "Ayacucho / Huanta / Huanta / Huanta",
    "Direccion": "Gervasio Santillana 340"
  },
  {
    "Agencia": "Ayacucho / La Mar / Ayna / San Francisco",
    "Direccion": "Jr. Ayacucho N° 212 - Las Palmeras"
  },
  {
    "Agencia": "Ayacucho / La Mar / San Miguel / San Miguel",
    "Direccion": "Jr. La Mar 217"
  },
  {
    "Agencia": "Ayacucho / Lucanas / Puquio / Puquio",
    "Direccion": "Jr. San Pedro N° 214 Ref. al costado de la reniec."
  },
  {
    "Agencia": "Ayacucho / Parinacochas / Coracora / Coracora",
    "Direccion": "JR. 2 DE MAYO 924"
  },
  {
    "Agencia": "Ayacucho / Pàucar Del Sara Sara / Pausa / Pausa",
    "Direccion": "Jr. Comercio 252 - Pausa"
  },
  {
    "Agencia": "Ayacucho / Sucre / Querobamba / Querobamba",
    "Direccion": "JR. ALFONSO UGARTE S/N REF. A UNOS METROS DE LA POLLERIA \"ENTRE PATAS\""
  },
  {
    "Agencia": "Ayacucho / Víctor Fajardo / Huancapi / Huancapi",
    "Direccion": "JR. AYACUCHO 390"
  },
  {
    "Agencia": "Ayacucho / Vilcas Huamán / Vilcas Huaman / Vilcashuaman",
    "Direccion": "Jr. Inca Pachacutec Nro. 304, VilcasHuaman"
  },
  {
    "Agencia": "Cajamarca / Cajabamba / Cajabamba / Cajabamba",
    "Direccion": "Jr. Bolognesi 117"
  },
  {
    "Agencia": "Cajamarca / Cajamarca / Cajamarca / Cajamarca",
    "Direccion": "Jr. Los Nogales N° 426, Villa Universitaria, Cajamarca."
  },
  {
    "Agencia": "Cajamarca / Cajamarca / Cajamarca / Cajamarca 2",
    "Direccion": "Jr. Eten 159, Cercado, Cajamarca"
  },
  {
    "Agencia": "Cajamarca / Celendín / Celendín / Celendin",
    "Direccion": "Esquina entre Bolognesi y Pedro Ortiz Montoya."
  },
  {
    "Agencia": "Cajamarca / Chota / Chota / Chota",
    "Direccion": "Av. Fray Jose Arana N° 719"
  },
  {
    "Agencia": "Cajamarca / Chota / Chota / Chota",
    "Direccion": "Jr. Gregorio Malca N° 625"
  },
  {
    "Agencia": "Cajamarca / Contumazá / Chilete / Chilete",
    "Direccion": "Jr. contumaza S/N - Pueblo Chilete"
  },
  {
    "Agencia": "Cajamarca / Contumazá / Contumaza / Contumaza",
    "Direccion": "Jr. José Galvez S/N, Contumaza"
  },
  {
    "Agencia": "Cajamarca / Contumazá / Yonan / Tembladera",
    "Direccion": "Jr. Buenos Aires 325, Tembladera - Yonan, Contumaza, Cajamarca"
  },
  {
    "Agencia": "Cajamarca / Cutervo / Cutervo / Cutervo",
    "Direccion": "Jr. Ramón Castilla 353"
  },
  {
    "Agencia": "Cajamarca / Hualgayoc / Bambamarca / Bambamarca",
    "Direccion": "Jr. San Carlos 1015"
  },
  {
    "Agencia": "Cajamarca / Jaén / Jaén / Jaen",
    "Direccion": "Calle San Martín 1255"
  },
  {
    "Agencia": "Cajamarca / Jaén / Pucara / Pucar?",
    "Direccion": "Av. Lindo Nro. 150"
  },
  {
    "Agencia": "Cajamarca / San Ignacio / Namballe / Namballe",
    "Direccion": "JR. CAUTIVO S/N, NAMBALLE, SAN IGNACIO - CAJAMARCA"
  },
  {
    "Agencia": "Cajamarca / San Ignacio / San Ignacio / San Ignacio",
    "Direccion": "JR.SAN MARTIN #456 - Ref.Frente al parque principal, costado de la agencia agraria."
  },
  {
    "Agencia": "Cajamarca / San Marcos / Pedro Gálvez / San Marcos",
    "Direccion": "Entre Jr. Miguel Grau y Jr. Túpac Amaru, a 1 cuadra de Notaría Rodriguez"
  },
  {
    "Agencia": "Cajamarca / San Miguel / San Miguel / San Miguel (caj)",
    "Direccion": "Jr. Miguel Grau 338, San Miguel."
  },
  {
    "Agencia": "Cajamarca / San Pablo / San Pablo / San Pablo",
    "Direccion": "Jr. Néstor Batanero Nro. 478"
  },
  {
    "Agencia": "Cajamarca / Santa Cruz / Santa Cruz / Santa Cruz",
    "Direccion": "Jr. Zarrumillas 150, Santa Cruz."
  },
  {
    "Agencia": "Callao / Callao / Callao / Almacen Central Callao",
    "Direccion": "Av. Argentina 4458, Callao"
  },
  {
    "Agencia": "Callao / Callao / Callao / Canta Callao",
    "Direccion": "Av. Canta Callao 396, Bloc C Local 108, Urb. Juan Macias"
  },
  {
    "Agencia": "Callao / Callao / Ventanilla / Ventanilla",
    "Direccion": "Urb. Los licenciados Mz O-5, Lote 26, Ventanilla - Callao. Ref: Paralela con Av. La Playa."
  },
  {
    "Agencia": "Cusco / Canchis / Sicuani / Sicuani",
    "Direccion": "Jr. Dos de Mayo 758"
  },
  {
    "Agencia": "Cusco / Chumbivilcas / Santo Tomas / Cusco - Santo Tomas",
    "Direccion": "Av. Loreto S/N, Santo Tomas, Chumbivilcas - Cusco"
  },
  {
    "Agencia": "Cusco / Cusco / Cusco / Cusco",
    "Direccion": "Central: Calle Damián Acuña Mz. B Lt. 11, Coop. Miraflores - Sector Tica Tica, Cusco"
  },
  {
    "Agencia": "Cusco / Cusco / Cusco / Cusco - Pardo",
    "Direccion": "Av. Pardo 575B - Paseo De Los Heroes"
  },
  {
    "Agencia": "Cusco / Cusco / Wanchaq / Wanchaq Marcavalle",
    "Direccion": "Av. Rafael Aguilar Paez C-8 Urb. Marcavalle, Wanchaq, Cusco"
  },
  {
    "Agencia": "Cusco / Espinar / Espinar / Cusco - Yauri Espinar",
    "Direccion": "Calle Magma Tintaya 217, Espinar - Cusco"
  },
  {
    "Agencia": "Cusco / La Convención / Pichari / Pichari",
    "Direccion": "Av. Inca Garcilazo De La Vega 649-Pichari, Ref: Frente A La Comisaria De Pichari"
  },
  {
    "Agencia": "Cusco / La Convención / Santa Ana / Quillabamba",
    "Direccion": "Av. San Martín N° 685 – Santa Anta – La Convención (Quillabamba)"
  },
  {
    "Agencia": "Cusco / Urubamba / Urubamba / Urubamba",
    "Direccion": "Av. Mariscal Castilla 501-B, Urubamba"
  },
  {
    "Agencia": "Huancavelica / Acobamba / Acobamba / Acobamba",
    "Direccion": "Jr. Huascar S/N (Costado Mega Centro de Paucara)"
  },
  {
    "Agencia": "Huancavelica / Angaraes / Lircay / Lircay",
    "Direccion": "Jr Cahuide 146 Pueblo Nuevo - Angaraes en Lircay"
  },
  {
    "Agencia": "Huancavelica / Castrovirreyna / Castrovirreyna / Castrovirreyna",
    "Direccion": "Jr. Castrovirreyna S/N - Ref. Al Costado del Banco de La Nación"
  },
  {
    "Agencia": "Huancavelica / Churcampa / Churcampa / Churcampa",
    "Direccion": "Jr. Antonio Raymondi 615, Churcampa."
  },
  {
    "Agencia": "Huancavelica / Huancavelica / Huancavelica / Huancavelica",
    "Direccion": "Jr. Agustin Gamarra 305, Huancavelica."
  },
  {
    "Agencia": "Huancavelica / Huaytará / Huaytara / Huaytara",
    "Direccion": "Calle 26 De Setiembre S/N - Plaza De Armas"
  },
  {
    "Agencia": "Huancavelica / Tayacaja / Pampas / Pampas",
    "Direccion": "Jr. San Martín 370 - Pampas"
  },
  {
    "Agencia": "Huanuco / Huacaybamba / Huacaybamba / Huacaybamba",
    "Direccion": "Calle Santo Domingo S/N, Huancaybamba (Refer.: A media cuadra de la plaza de armas)"
  },
  {
    "Agencia": "Huanuco / Huánuco / Huanuco / Huanuco",
    "Direccion": "Jr. Damaso Beraun Nro. 995-999, Huánuco."
  },
  {
    "Agencia": "Huanuco / Leoncio Prado / José Crespo Y Castillo / Aucayacu",
    "Direccion": "Jr. Huánuco 522 (Aucayacu)"
  },
  {
    "Agencia": "Huanuco / Leoncio Prado / Rupa-rupa / Tingo Maria",
    "Direccion": "Av. Tito Jaime Nro. 841, Tingo María."
  },
  {
    "Agencia": "Huanuco / Marañón / Huacrachuco / Huacrachuco",
    "Direccion": "Av. 28 De Julio 503 - Mercado De Abastos, Huacrachuco."
  },
  {
    "Agencia": "Ica / Chincha / Chincha Alta / Chincha",
    "Direccion": "Calle Junín 183, Chincha Alta (Cuadra y media de plaza de armas)."
  },
  {
    "Agencia": "Ica / Ica / Ica / Ica",
    "Direccion": "Calle Guatemala 161, Urb. San Francisco - Ica. Ref: A La Espalda De Oeshle."
  },
  {
    "Agencia": "Ica / Nasca / Marcona / Marcona",
    "Direccion": "Agrup. Popular Villa Magisterial Mz A Lte 3"
  },
  {
    "Agencia": "Ica / Nasca / Nasca / Nazca",
    "Direccion": "A.A.H.H. LOS JARDINES MZ. B LT. 42"
  },
  {
    "Agencia": "Ica / Pisco / Pisco / Pisco",
    "Direccion": "Jr. Callao 556, Pisco"
  },
  {
    "Agencia": "Junin / Chanchamayo / Chanchamayo / La Merced",
    "Direccion": "Jr. Lima N° 227"
  },
  {
    "Agencia": "Junin / Chanchamayo / Perene / Perene (sta Ana)",
    "Direccion": "Av. Marginal Mz Q, Lote 1, Vista Alegre - Perene (Santa Ana), Chanchamayo."
  },
  {
    "Agencia": "Junin / Chanchamayo / Pichanaqui / Pichanaqui",
    "Direccion": "Av. Carretera Marginal 481, Pichanaqui"
  },
  {
    "Agencia": "Junin / Chanchamayo / San Ramón / San Ramón",
    "Direccion": "Jirón Progreso 414, San Ramón. Ref. Costado de la Pollería La Madera"
  },
  {
    "Agencia": "Junin / Huancayo / El Tambo / El Tambo",
    "Direccion": "Central: Prolongación José Carlos Mariátegui 825 (Refer.: A medía cuadra de Supermercado Makro)"
  },
  {
    "Agencia": "Junin / Huancayo / Huancayo / Huancayo",
    "Direccion": "Jr. Omar Yali 370, Huancayo (Refer.: A media cuadra del colegio de abogados)"
  },
  {
    "Agencia": "Junin / Junín / Junin / Junin",
    "Direccion": "Jr. José De La Torre Ugarte 620 – Oeste, Junin"
  },
  {
    "Agencia": "Junin / Satipo / Mazamari / Mazamari",
    "Direccion": "Psj. Miguel Sandoval 662. Referencia: Al costado de Multiservicios Farfán, a media cuadra del parque. Mazamari, Satipo - Junín"
  },
  {
    "Agencia": "Junin / Satipo / Pangoa / Pangoa",
    "Direccion": "Av. Pangoa Mz. 26 Lt. 1, Pangoa, Satipo - Junín"
  },
  {
    "Agencia": "Junin / Satipo / Satipo / Satipo",
    "Direccion": "Av. Antonio Raymondi Norte N° 241"
  },
  {
    "Agencia": "Junin / Tarma / Tarma / Tarma",
    "Direccion": "Jr. Pasco 464, Tarma"
  },
  {
    "Agencia": "Junin / Yauli / La Oroya / La Oroya",
    "Direccion": "Calle Lima 132 – 138, La oroya"
  },
  {
    "Agencia": "La Libertad / Ascope / Chocope / Chocope",
    "Direccion": "Calle Diego De Mora 235 Ref. Al Costado Del Hotel Cesar Palace, Chocope"
  },
  {
    "Agencia": "La Libertad / Bolívar / Bolívar / Bolivar",
    "Direccion": "JR. CORDOVA NRO. 605, ESQUINA PLAZA DE ARMAS, BOLIVAR - LA LIBERTAD."
  },
  {
    "Agencia": "La Libertad / Chepén / Chepen / Chepen",
    "Direccion": "Calle Lima N° 129 Urb. Chepen"
  },
  {
    "Agencia": "La Libertad / Gran Chimú / Cascas / Cascas",
    "Direccion": "Calle 28 De Julio N° 301, Cascas"
  },
  {
    "Agencia": "La Libertad / Julcán / Julcan / Julcan",
    "Direccion": "Calle Piura 119, Barrio Coscobamba, Julcán - La Libertad"
  },
  {
    "Agencia": "La Libertad / Pacasmayo / Pacasmayo / Pacasmayo",
    "Direccion": "Av. Gonzalo Ugas Salcedo 09, Tienda 3 – Ref.: Grifo Primax, Óvalo Paseo de la Paz, Pacasmayo, La Libertad."
  },
  {
    "Agencia": "La Libertad / Pataz / Tayabamba / Tayabamba",
    "Direccion": "Jr. Salaverry 121, Tayabamba - Pataz"
  },
  {
    "Agencia": "La Libertad / Sánchez Carrión / Huamachuco / Huamachuco",
    "Direccion": "Jr. Leoncio Prado 527, Huamachuco"
  },
  {
    "Agencia": "La Libertad / Santiago De Chuco / Santiago De Chuco / Santiago De Chuco",
    "Direccion": "Calle Mariscal Castilla 1239, Santiago de Chuco"
  },
  {
    "Agencia": "La Libertad / Trujillo / Trujillo / Trujillo",
    "Direccion": "Central: Av. Tupac Amaru 1675 Urb Alto Mochica, Trujillo."
  },
  {
    "Agencia": "La Libertad / Trujillo / Trujillo / Trujillo",
    "Direccion": "Tienda Santa: Av. Santa 1260, Trujillo Ref. A media cuadra del cruce con Av. América Norte."
  },
  {
    "Agencia": "La Libertad / Trujillo / Trujillo / Trujillo",
    "Direccion": "Tienda Zepita: Jr. Zepita 572, Trujillo"
  },
  {
    "Agencia": "La Libertad / Trujillo / Trujillo / Trujillo",
    "Direccion": "Tienda Mansiche: Av. Mansiche Nro. 1870, Trujillo"
  },
  {
    "Agencia": "La Libertad / Trujillo / Victor Larco Herrera / Trujillo",
    "Direccion": "Tienda Paujiles:Psje. Los Paujiles Mz.A Lt. 04 Urb. Los Pinos."
  },
  {
    "Agencia": "La Libertad / Virú / Viru / Viru",
    "Direccion": "Av. Panamericana Norte 381 Puente Viru"
  },
  {
    "Agencia": "Lambayeque / Chiclayo / Chiclayo / Chiclayo",
    "Direccion": "Central:Mariscal Castilla 208,Chiclayo"
  },
  {
    "Agencia": "Lambayeque / Chiclayo / Chiclayo / Chiclayo",
    "Direccion": "Tienda: Santa Victoria:AV. Miguel Grau 675, Urb. Santa Victoria, Chiclayo."
  },
  {
    "Agencia": "Lambayeque / Chiclayo / Chiclayo / Chiclayo",
    "Direccion": "Tienda Tacna: Av. Tacna 164, Chiclayo."
  },
  {
    "Agencia": "Lambayeque / Chiclayo / Pimentel / Pimentel",
    "Direccion": "Jr. Torres Paz 224, Mz. 1324 Lt. 01 – Pimentel - Chiclayo - Lambayeque"
  },
  {
    "Agencia": "Lambayeque / Lambayeque / Lambayeque / Lambayeque",
    "Direccion": "Av. Huamachuco Nro. 809, Lambayeque. Frente al parque infantil."
  },
  {
    "Agencia": "Lima / Barranca / Barranca / Barranca",
    "Direccion": "Av. Primavera 275, Barranca"
  },
  {
    "Agencia": "Lima / Canta / Canta / Canta",
    "Direccion": "AV. 26 DE JUNIO 405, Canta"
  },
  {
    "Agencia": "Lima / Cañete / Chilca / Chilca",
    "Direccion": "Pje. Soledad Av. Nicolás de Piérola Mz. 97 Lt. 4"
  },
  {
    "Agencia": "Lima / Cañete / Mala / Mala",
    "Direccion": "Av. Antigua Pan. Sur 243, Mala"
  },
  {
    "Agencia": "Lima / Cañete / San Vicente De Cañete / Ca?ete",
    "Direccion": "Jr. 2 De Mayo 601-D San Vicente, Cañete"
  },
  {
    "Agencia": "Lima / Huaral / Chancay / Chancay",
    "Direccion": "Calle Mariscal Sucre Nro. 104, Chancay. Ref: Frente a Panadería El Tanta."
  },
  {
    "Agencia": "Lima / Huaral / Huaral / Huaral",
    "Direccion": "Av. 2 de Mayo Sección 519 Sección 1 - LA"
  },
  {
    "Agencia": "Lima / Huaura / Huacho / Huacho",
    "Direccion": "Jr. Mariscal Castilla 117, Huacho"
  },
  {
    "Agencia": "Lima / Lima / Ate / Ate",
    "Direccion": "Av. Prolongación Javier Prado N° 9288, Tda. 101"
  },
  {
    "Agencia": "Lima / Lima / Chorrillos / Chorrillos",
    "Direccion": "Prol. Av. Paseo De La República 1429, Chorrillos - Cruce Prol. Av. Paseo de la Republica con Av los Pumas"
  },
  {
    "Agencia": "Lima / Lima / Cieneguilla / Musa",
    "Direccion": "Carretera A Cieneguilla Mz. C Lt. 10 A.H. Paúl Poblet, Musa - Lima"
  },
  {
    "Agencia": "Lima / Lima / Comas / Comas",
    "Direccion": "Av. Universitaria Norte 6971 - 6973, Comas"
  },
  {
    "Agencia": "Lima / Lima / Independencia / Independencia",
    "Direccion": "Av. Gerardo Unger 7001 Ref. a 2 cuadras de terminal Plaza Norte"
  },
  {
    "Agencia": "Lima / Lima / La Molina / La Molina",
    "Direccion": "Av. La Fontana 440, Urb. San César, Mz G lote 10, 2da Etapa, tienda 1017 - La Molina."
  },
  {
    "Agencia": "Lima / Lima / La Victoria / Gamarra",
    "Direccion": "Jr, Antonio Bazo 1278 - 1280, Gamarra-La victoria"
  },
  {
    "Agencia": "Lima / Lima / Lima / Lima Cercado",
    "Direccion": "Psje.Acuña 131, Lima"
  },
  {
    "Agencia": "Lima / Lima / Lima / Plaza Tec",
    "Direccion": "Av. Garcilaso De La Vega 1358 - 1370. Lima"
  },
  {
    "Agencia": "Lima / Lima / Lince / Lince",
    "Direccion": "Av. Gral Alvarez De Arenales 1775, Lince"
  },
  {
    "Agencia": "Lima / Lima / Los Olivos / Los Olivos",
    "Direccion": "Av. Carlos Izaguirre 1006 - Urb Palmeras, Los Olivos"
  },
  {
    "Agencia": "Lima / Lima / Los Olivos / San Martin De Porres",
    "Direccion": "Jr. Cajahuaman 873 - Los Olivos"
  },
  {
    "Agencia": "Lima / Lima / Lurigancho / Chosica",
    "Direccion": "Av. Lima Sur 853 - Lurigancho - Chosica"
  },
  {
    "Agencia": "Lima / Lima / Lurin / Lurin",
    "Direccion": "Jr. Bolognesi 398, Lurin"
  },
  {
    "Agencia": "Lima / Lima / Miraflores / Miraflores",
    "Direccion": "Av. Comandante Espinar 659, Miraflores"
  },
  {
    "Agencia": "Lima / Lima / Pueblo Libre / Pueblo Libre",
    "Direccion": "Av. Bolívar 1427 A, Pueblo Libre"
  },
  {
    "Agencia": "Lima / Lima / Puente Piedra / Puente Piedra",
    "Direccion": "Av. Saenz Peña Nro. 316, Puente Piedra"
  },
  {
    "Agencia": "Lima / Lima / Rímac / Rimac",
    "Direccion": "Av. San Lorenzo de Encalada 188"
  },
  {
    "Agencia": "Lima / Lima / San Borja / San Borja",
    "Direccion": "Av. Aviación Nro. 3532 - San Borja"
  },
  {
    "Agencia": "Lima / Lima / San Isidro / San Isidro",
    "Direccion": "Av. Aramburú 978, Surquillo"
  },
  {
    "Agencia": "Lima / Lima / San Juan De Lurigancho / San Juan De Lurigancho",
    "Direccion": "Proceres De La Independencia.2532 Mz W Lt 24. SJL"
  },
  {
    "Agencia": "Lima / Lima / San Juan De Lurigancho / Zárate - Gran Chimu",
    "Direccion": "Av. Gran Chimu 170"
  },
  {
    "Agencia": "Lima / Lima / San Juan De Miraflores / San Juan De Miraflores",
    "Direccion": "Av. San Juan 713. SJM - Frente al colegio Javier Heraud"
  },
  {
    "Agencia": "Lima / Lima / San Luis / San Luis",
    "Direccion": "Av. Canadá 3807- 3809"
  },
  {
    "Agencia": "Lima / Lima / San Miguel / San Miguel",
    "Direccion": "Calle Intisuyo 295 - San Miguel"
  },
  {
    "Agencia": "Lima / Lima / Santa Anita / Santa Anita",
    "Direccion": "Av. Santa Rosa 131, Santa Anita"
  },
  {
    "Agencia": "Lima / Lima / Santiago De Surco / Higuereta",
    "Direccion": "Jr. Preciados 133 Urb. Residencial Higuereta - Santiago de Surco"
  },
  {
    "Agencia": "Lima / Lima / Santiago De Surco / Surco",
    "Direccion": "Av. El Polo 108, Surco"
  },
  {
    "Agencia": "Lima / Lima / Villa El Salvador / Villa El Salvador",
    "Direccion": "Av 1ro De Mayo Mz. E Lt. 31 Coop. Virgen Del Cocharcas, Ref.: Cruce con Av. Pastor Sevilla"
  },
  {
    "Agencia": "Lima / Lima / Villa María Del Triunfo / Villa María Del Triunfo - José Gálvez",
    "Direccion": "Av. 26 de Noviembre 1229 - Villa María del Triunfo"
  },
  {
    "Agencia": "Lima / Yauyos / Yauyos / Yauyos",
    "Direccion": "Plaza de armas S/N, al frente del hotel Inga, Yauyos-Lima"
  },
  {
    "Agencia": "Loreto / Alto Amazonas / Yurimaguas / Yurimaguas",
    "Direccion": "Arica 318, Yurimaguas"
  },
  {
    "Agencia": "Loreto / Datem Del Marañón / Barranca / San Lorenzo",
    "Direccion": "Jr. Marañon 1256, San Lorenzo"
  },
  {
    "Agencia": "Loreto / Loreto / Nauta / Nauta",
    "Direccion": "Jr. Junín N° 279, Nauta."
  },
  {
    "Agencia": "Loreto / Loreto / Nauta / Nauta",
    "Direccion": "Jr. Junín N° 279, Nauta."
  },
  {
    "Agencia": "Loreto / Mariscal Ramón Castilla / Ramón Castilla / Caballococha",
    "Direccion": "Calle 28 De Julio Nro. 711, Caballococha."
  },
  {
    "Agencia": "Loreto / Maynas / Iquitos / Iquitos",
    "Direccion": "Central:Av. Abelardo Quiñones Km. 1.5 – San Juan Ref: Frente Al Colegio Del CNI, Iquitos."
  },
  {
    "Agencia": "Loreto / Maynas / Iquitos / Iquitos",
    "Direccion": "Tienda Putumayo: Jr Putumayo 448, Iquitos."
  },
  {
    "Agencia": "Loreto / Maynas / Punchana / Punchana",
    "Direccion": "Tienda Punchana: Av. 28 de Julio Nro. 194, Punchana"
  },
  {
    "Agencia": "Loreto / Requena / Requena / Requena",
    "Direccion": "Calle Unión 200, Requena."
  },
  {
    "Agencia": "Loreto / Ucayali / Contamana / Contamana",
    "Direccion": "CALLE BUENAVENTURA MARQUEZ Nro. 135, Contamana."
  },
  {
    "Agencia": "Madre De Dios / Tambopata / Inambari / Inambari - Mazuco",
    "Direccion": "JR. FRANCISCO BOLOGNESI C-2 CON ALFONSO UGARTE"
  },
  {
    "Agencia": "Madre De Dios / Tambopata / Tambopata / Puerto Maldonado",
    "Direccion": "Av. 28 de Julio N°1249"
  },
  {
    "Agencia": "Moquegua / Ilo / Ilo / Ilo",
    "Direccion": "Av. Mariano Lino Urquieta N° 138 (Frente a Galerías Bahía)"
  },
  {
    "Agencia": "Moquegua / Mariscal Nieto / Moquegua / Moquegua",
    "Direccion": "Calle Lima Nº 748, Moquegua"
  },
  {
    "Agencia": "Pasco / Oxapampa / Constitución / Constitucion",
    "Direccion": "Av. Fernando Belaunde S/N, Constitución. Ref. Internet La Chinita (frente a la salida del terminal)"
  },
  {
    "Agencia": "Pasco / Oxapampa / Oxapampa / Oxapampa",
    "Direccion": "Jr. Mullembruck 876"
  },
  {
    "Agencia": "Pasco / Oxapampa / Palcazu / Palcazu - Iscozacin",
    "Direccion": "Av. Juan Frantzen S/N, Palcazu"
  },
  {
    "Agencia": "Pasco / Oxapampa / Puerto Bermúdez / Puerto Bermudez",
    "Direccion": "Sector Bosquesillo puesto n.- 2, Puerto Bermudez."
  },
  {
    "Agencia": "Pasco / Oxapampa / Villa Rica / Villa Rica",
    "Direccion": "Av. Leopoldo Krausse 515, Villarica. Ref. Costado de la Caja Huancayo"
  },
  {
    "Agencia": "Pasco / Pasco / Chaupimarca / Cerro De Pasco",
    "Direccion": "AV LA PLATA MZ A LTE 3"
  },
  {
    "Agencia": "Pasco / Pasco / Yanacancha / Cerro De Pasco",
    "Direccion": "Psje. Agustín Gamarra Nro. 103, Urb. San Juan, Yanacancha- Cerro de Pasco."
  },
  {
    "Agencia": "Piura / Ayabaca / Ayabaca / Piura - Ayabaca",
    "Direccion": "Jr. Montero 360"
  },
  {
    "Agencia": "Piura / Huancabamba / Huancabamba / Huancabamba",
    "Direccion": "Av. Aquiles Escala 210, Barrio San Francisco"
  },
  {
    "Agencia": "Piura / Morropón / Chulucanas / Chulucanas",
    "Direccion": "Jr. Callao 159, Chulucanas, Piura"
  },
  {
    "Agencia": "Piura / Morropón / Morropon / Morropon",
    "Direccion": "Jr.Cordova 517- frente a la Plaza Grau- Morropon"
  },
  {
    "Agencia": "Piura / Paita / Paita / Paita",
    "Direccion": "Central:Urb. Isabel Barreto II Etapa, Mz R Lote 17, Paita Alta. /"
  },
  {
    "Agencia": "Piura / Piura / Catacaos / Catacaos",
    "Direccion": "Jr. Comercio Nro. 508, Catacaos (Galeria El Regalo Int. 17), Piura."
  },
  {
    "Agencia": "Piura / Piura / Piura / Piura - Los Ficus",
    "Direccion": "Central Ficus: Av. Marcavelica Mz. D-2 Lt. 3 2da Etapa, Urb. Los Ficus, Piura"
  },
  {
    "Agencia": "Piura / Piura / Piura / Piura - Los Geranios",
    "Direccion": "Calle Las Dalias Mz. A Lt. 23, Urb. Los Geranios, Piura"
  },
  {
    "Agencia": "Piura / Piura / Piura / Piura - Santa Isabel",
    "Direccion": "Av. Panamericana N° 137, Urb. Santa Isabel, Piura"
  },
  {
    "Agencia": "Piura / Piura / Piura / Sanchez Cerro",
    "Direccion": "Av. Sánchez cerro 103 Ref. Al costado del puente Sánchez cerro. Esquina con malecón"
  },
  {
    "Agencia": "Piura / Piura / Tambo Grande / Tambogrande",
    "Direccion": "Calle Lima 397, Tambogrande, Ref. Frente a EsSalud y Caja Sullana"
  },
  {
    "Agencia": "Piura / Sechura / Sechura / Sechura",
    "Direccion": "Calle Cesar Pinglo #602"
  },
  {
    "Agencia": "Piura / Sullana / Sullana / Sullana",
    "Direccion": "Calle Bolivar 489, Sullana"
  },
  {
    "Agencia": "Piura / Talara / Pariñas / Talara",
    "Direccion": "Av. D-02-Pariñas"
  },
  {
    "Agencia": "Puno / Carabaya / Macusani / Macusani",
    "Direccion": "Jr. Grau 429, Macusani - Juliaca"
  },
  {
    "Agencia": "Puno / Chucuito / Desaguadero / Desaguadero",
    "Direccion": "Av. Panamericana 365, 2do. Piso, Desaguadero - Puno"
  },
  {
    "Agencia": "Puno / El Collao / Ilave / Ilave",
    "Direccion": "Jr. Desaguadero 106, Ilave - Puno"
  },
  {
    "Agencia": "Puno / Puno / Puno / Puno",
    "Direccion": "Jr. Arequipa 120, Puno"
  },
  {
    "Agencia": "Puno / San Román / Juliaca / Juliaca",
    "Direccion": "Central: Av. Argentina Mz F Lt 14, La Rinconada - Juliaca"
  },
  {
    "Agencia": "Puno / San Román / Juliaca / Juliaca",
    "Direccion": "Jr. San Agustin 620, Urb. San Santiago B-1, Juliaca"
  },
  {
    "Agencia": "Puno / San Román / Juliaca / Olva Juliaca - C.c. Kuska",
    "Direccion": "C.C. KUSKA Tienda N° 106 (esquina Jr. Mariano Nuñez con Jr. San Martín N° 112) - Cercado"
  },
  {
    "Agencia": "San Martin / Bellavista / Bellavista / Bellavista",
    "Direccion": "Prolongación Augusto B Leguía Nr. 344, Barrio San Juan, Bellavista."
  },
  {
    "Agencia": "San Martin / El Dorado / San José De Sisa / San José De Sisa",
    "Direccion": "Jr. Comercio 615, San José de Sisa - El Dorado - San Martín"
  },
  {
    "Agencia": "San Martin / Huallaga / Saposoa / Saposoa",
    "Direccion": "Jr. Arica 416, Saposoa"
  },
  {
    "Agencia": "San Martin / Lamas / Alonso De Alvarado / Roque",
    "Direccion": "Jr. Lima 441, Plaza de Armas, Alonso de Alvarado Roque."
  },
  {
    "Agencia": "San Martin / Lamas / Caynarachi / Pongo De Caynarachi",
    "Direccion": "JR. RICARDO PALMA S/N CAYNARACHI, LAMAS, SAN MARTIN. Esquina del emblemático colegio Juan Guillermo Castillo Delgado."
  },
  {
    "Agencia": "San Martin / Lamas / Lamas / Lamas",
    "Direccion": "Jr. Tobías Noriega 174, Plaza de Armas, Lamas"
  },
  {
    "Agencia": "San Martin / Lamas / Tabalosos / Tabalosos",
    "Direccion": "Psje. Grau Mz 71 Lt 7, Plaza de Armas, Tabalosos - Lamas - San Martin"
  },
  {
    "Agencia": "San Martin / Mariscal Cáceres / Campanilla / Campanilla",
    "Direccion": "Jr. Julio Romero Castro S/N, Campanilla. Frente A La Plaza De Armas."
  },
  {
    "Agencia": "San Martin / Mariscal Cáceres / Juanjuí / Juanjui",
    "Direccion": "Psje. Guillermo Arévalo 124, Juanjui - Mariscal Cáceres - San Martín"
  },
  {
    "Agencia": "San Martin / Moyobamba / Moyobamba / Moyobamba",
    "Direccion": "Jr. Reyes Guerra 411, Moyobamba"
  },
  {
    "Agencia": "San Martin / Moyobamba / Soritor / Soritor",
    "Direccion": "Jr. Ramón Castilla 852, Soritor"
  },
  {
    "Agencia": "San Martin / Picota / Picota / Picota",
    "Direccion": "Jr. Bolognesi 384, Picota"
  },
  {
    "Agencia": "San Martin / Picota / San Hilarión / San Hilarion",
    "Direccion": "Jr. Huallaga Nro. 152, San Hilarión."
  },
  {
    "Agencia": "San Martin / Rioja / Nueva Cajamarca / Nueva Cajamarca",
    "Direccion": "Jr. San Luis Nro. 545, Nueva Cajamarca. Ref: A espaldas de la Policía Nacional."
  },
  {
    "Agencia": "San Martin / Rioja / Pardo Miguel / Naranjos",
    "Direccion": "Av. Pardo Miguel 903, Naranjos"
  },
  {
    "Agencia": "San Martin / Rioja / Rioja / Rioja",
    "Direccion": "Jr. Santo Toribio Nro. 408, Barrio de Quinapata - Rioja."
  },
  {
    "Agencia": "San Martin / San Martín / Tarapoto / Tarapoto",
    "Direccion": "Central: Av. Alfonso Ugarte Nro. 1588, Tarapoto"
  },
  {
    "Agencia": "San Martin / San Martín / Tarapoto / Tarapoto",
    "Direccion": "Jirón Antonio Raymondi 394 - Tarapoto Ref. Frente al Comercio el Sol"
  },
  {
    "Agencia": "San Martin / Tocache / Nuevo Progreso / Nuevo Progreso",
    "Direccion": "Jr. Huayranga Cdra 2 Barrio Las Estrellas , Nuevo Progreso -Tocache."
  },
  {
    "Agencia": "San Martin / Tocache / Tocache / Tocache",
    "Direccion": "Jr. Tocache Nro. 505, Tocache, San Martín."
  },
  {
    "Agencia": "San Martin / Tocache / Uchiza / Santa Lucia",
    "Direccion": "Av. Los Pijuayos M19 LOTE6, Centro Poblado del Santa Lucía."
  },
  {
    "Agencia": "San Martin / Tocache / Uchiza / Uchiza",
    "Direccion": "Av. Leoncio Prado 809, Uchiza"
  },
  {
    "Agencia": "Tacna / Tacna / Coronel Gregorio Albarracín Lanchipa / Coronel Gregorio Albarracin Lanchipa",
    "Direccion": "Asociación Villa El Periodista MZ.B LOTE N°06"
  },
  {
    "Agencia": "Tacna / Tacna / Tacna / Tacna",
    "Direccion": "Tienda:Calle Bolivar 667, Tacna"
  },
  {
    "Agencia": "Tacna / Tacna / Tacna / Tacna",
    "Direccion": "Central: Calle Callao Nro. 251, Tacna"
  },
  {
    "Agencia": "Tacna / Tacna / Tacna / Tacna",
    "Direccion": "Calle Atahualpa 115 Miguel Grau"
  },
  {
    "Agencia": "Tumbes / Contralmirante Villar / Zorritos / Zorritos",
    "Direccion": "AV. GRAU 521 CONTRALMIRANTE VILLAR, Tumbes"
  },
  {
    "Agencia": "Tumbes / Tumbes / Tumbes / Tumbes",
    "Direccion": "Av. Malecon Benavides N°904"
  },
  {
    "Agencia": "Tumbes / Zarumilla / Zarumilla / Zarumilla",
    "Direccion": "Calle Tumbes 505, Plaza de Armas, Zarumilla - Tumbes"
  },
  {
    "Agencia": "Ucayali / Atalaya / Raymondi / Atalaya",
    "Direccion": "JR Iquitos MZ 4 Lote 9A"
  },
  {
    "Agencia": "Ucayali / Coronel Portillo / Calleria / Pucallpa",
    "Direccion": "Jr. Tacna 727, Calleria -PUCALLPA."
  },
  {
    "Agencia": "Ucayali / Coronel Portillo / Yarinacocha / Pucallpa",
    "Direccion": "Av. Aeropuerto Nro. 818 - Yarinacocha, Pucallpa."
  },
  {
    "Agencia": "Ucayali / Padre Abad / Padre Abad / Aguaytia",
    "Direccion": "Jr. Las Orquídeas 305, Pampa Yurac, Aguaytía"
  },
  {
    "Agencia": "Ucayali / Purús / Purus / Purus",
    "Direccion": "Av. Luis Muñoz Nagal S/N, Purus"
  }
]
